symbol,sub_sector_id,overall_growth_current_year_f,overall_growth_next_year_f,overall_growth_next_five_years_f,avg_eps_current_year,avg_eps_next_year,eps_growth_current_year_f,eps_growth_next_year_f,avg_revenue_current_year,avg_revenue_next_year,revenue_growth_current_year_f,revenue_growth_next_year_f
AALI.JK,2,-0.32899999999999996,0.079,0.10439999999999999,602.13,649.53,-0.3287889597360325,-0.2759508627993045,21200000000.0,21070000000.0,-0.9990287966822962,-0.9990347521743387
ABBA.JK,13,,,,,,,,,,,
ABDA.JK,4,,,,,,,,,,,
ABMM.JK,18,,,,,,,,,,,
ACES.JK,14,,,0.1422,,40.97,,0.055112026783414904,6760000000.0,7300000000.0,-0.9990004145236826,-0.9989205659797165
ACST.JK,27,,,,,,,,3590000000.0,4780000000.0,-0.9965376566011168,-0.995389971741877
ADCP.JK,7,,,,,,,,,,,
ADES.JK,2,,,,,,,,,,,
ADHI.JK,27,,,0.5831000000000001,,,,,15160000000.0,15660000000.0,-0.9988810990807271,-0.9988441960161073
ADMF.JK,20,,,,,,,,,,,
ADMG.JK,8,,,,,,,,,,,
ADMR.JK,18,,,,,,,,,,,
ADRO.JK,18,-0.405,-0.273,-2327.9099,698.02,507.65,-0.4388997851191586,-0.5919278472189061,95990000000000.0,82490000000000.0,-0.23509300235908467,-0.3426692547619637
AGII.JK,8,,,,,,,,,,,
AGRO.JK,19,,,,,,,,1140000000.0,1480000000.0,-0.9984456776465266,-0.9979821078218064
AGRS.JK,19,,,,,,,,,,,
AISA.JK,2,,,,,,,,5300000000.0,5720000000.0,-0.9971254393196511,-0.996897643944982
AKPI.JK,8,,,,,,,,,,,
AKRA.JK,18,0.057,0.077,0.1941,128.75,138.62,0.05732117927239882,0.1383756261805043,41090000000.0,42410000000.0,-0.9991356749773139,-0.9991079088777776
ALDO.JK,8,,,,,,,,,,,
ALMI.JK,8,,,,,,,,,,,
AMAG.JK,4,,,,,,,,,,,
AMAN.JK,7,,,,,,,,,,,
AMAR.JK,19,,,,,,,,,,,
AMFG.JK,5,,,,,,,,,,,
AMMN.JK,8,,,,,,,,,,,
AMRT.JK,15,0.19399999999999998,0.20800000000000002,0.215,82.11,99.21,0.19415357766143096,0.4428446771378707,108970000000.0,121700000000.0,-0.9988757250139557,-0.9987443859245517
ANDI.JK,2,,,,,,,,,,,
ANJT.JK,2,,,,,,,,,,,
ANTM.JK,8,0.03,0.059000000000000004,0.1583,163.7,173.28,0.029559748427672883,0.08981132075471698,43730000000.0,44060000000.0,-0.9990479063563104,-0.9990407215654936
APEX.JK,18,,,,,,,,,,,
APIC.JK,21,,,,,,,,,,,
APLN.JK,7,,,,,,,,6190000000.0,,-0.9992855349676877,
ARCI.JK,8,,,,,,,,,,,
ARGO.JK,9,,,,,,,,,,,
ARII.JK,18,,,,,,,,,,,
ARKA.JK,5,,,,,,,,,,,
ARKO.JK,29,,,,,,,,,,,
ARNA.JK,5,,,,,,,,2950000000.0,3260000000.0,-0.9988595354786822,-0.9987396900544081
ARTI.JK,18,,,,,,,,,,,
ARTO.JK,19,4.948,2.06,,6.84,20.93,4.947826086956522,17.200000000000003,1970000000.0,2770000000.0,-0.9986231825310518,-0.9980640688380779
ASDM.JK,4,,,,,,,,,,,
ASGR.JK,25,,,,,,,,3960000000.0,,-0.9986391621637597,
ASII.JK,26,0.079,0.018000000000000002,-0.011000000000000001,771.52,785.35,0.07904895104895103,0.09839160839160842,313460000000.0,317300000000.0,-0.9989599142607812,-0.9989471728288966
ASLC.JK,14,,,,,,,,,,,
ASMI.JK,4,,,,,,,,,,,
ASRI.JK,7,-0.54,-0.027999999999999997,0.1425,25.42,24.71,-0.540075990591641,-0.5529220191785779,3550000000.0,3600000000.0,-0.999209975452404,-0.9991988483460998
ASRM.JK,4,,,,,,,,,,,
ASSA.JK,33,,,0.3258,,,,,1690000000.0,1860000000.0,-0.9997121000048772,-0.9996831396503382
ATIC.JK,30,,,,,,,,,,,
AUTO.JK,10,0.24,0.1,,341.07,375.33,0.24025454545454544,0.36483636363636357,19850000000.0,21340000000.0,-0.9989316427346566,-0.9988514486628499
AVIA.JK,8,0.179,0.1,0.1681,26.66,29.32,0.179124281291464,0.2967713401149934,7220000000.0,7820000000.0,-0.9989214497209588,-0.9988318195038639
BABP.JK,19,,,,,,,,,,,
BACA.JK,19,,,,,,,,,,,
BAJA.JK,8,,,,,,,,,,,
BALI.JK,6,,,,,,,,,,,
BANK.JK,19,0.504,1.72,,-9.71,6.99,-0.5145,-1.3495000000000001,258970000.00000003,684810000.0,-0.9963320255513222,-0.99030055380083
BAPA.JK,7,,,,,,,,,,,
BATA.JK,9,,,,,,,,,,,
BBCA.JK,19,0.212,0.085,0.124,399.84,433.68,0.21163636363636357,0.31418181818181823,100390000000.0,109630000000.0,-0.9988786185635175,-0.9987754054499294
BBHI.JK,19,,,,,,,,,,,
BBKP.JK,19,,,0.17,,,,,,,,
BBLD.JK,20,,,,,,,,,,,
BBMD.JK,19,,,,,,,,,,,
BBNI.JK,19,0.152,0.125,0.139,566.45,637.19,-0.4237538148524923,-0.3517904374364191,62870000000.0,68140000000.0,-0.9989740348739369,-0.9988880346160339
BBRI.JK,19,0.149,0.115,0.05,388.35,433.04,0.14896449704142017,0.28118343195266277,185710000000.0,200960000000.0,-0.9989012468786028,-0.9988110202612892
BBRM.JK,18,,,,,,,,,,,
BBSI.JK,19,,,,,,,,,,,
BBTN.JK,19,-0.133,0.11800000000000001,0.0766,241.95,270.56,-0.15989583333333338,-0.06055555555555555,17800000000.0,19230000000.0,-0.9989028000419649,-0.9988146542026395
BBYB.JK,19,,,,,,,,,,,
BCAP.JK,21,,,,,,,,,,,
BCIC.JK,19,,,,,,,,,,,
BCIP.JK,7,,,,,,,,,,,
BDKR.JK,27,,,,,,,,,,,
BDMN.JK,19,0.105,,0.10439999999999999,373.19,,0.10450455783118268,,18940000000.0,20380000000.0,-0.9989369461448723,-0.9988561226205119
BEBS.JK,8,,,,,,,,,,,
BEKS.JK,19,,,,,,,,,,,
BELI.JK,30,,,,,,,,,,,
BEST.JK,7,6.414,0.17,0.1,25.95,30.35,6.414285714285714,7.671428571428572,705000000.0,781500000.0,-0.9987012604478289,-0.9985603333900401
BFIN.JK,20,0.047,0.261,0.2535,126.65,159.75,0.046694214876033105,0.3202479338842975,5760000000.0,6480000000.0,-0.9988794373841866,-0.99873936705721
BGTG.JK,19,,,,,,,,,,,
BHAT.JK,4,,,,,,,,,,,
BHIT.JK,26,,,,,,,,,,,
BINA.JK,19,,,,,,,,,,,
BIPI.JK,18,,,,15.86,15.86,254.99970217593156,254.99970217593156,7170000000000.0,6170000000000.0,9.587832459311972,8.111147318543217
BIPP.JK,7,,,,,,,,,,,
BIRD.JK,33,,,0.1137,,,,,3070000000.0,,-0.9991448706164173,
BISI.JK,2,,,,,,,,,,,
BJBR.JK,19,-0.16399999999999998,0.121,0.050300000000000004,183.0,205.2,-0.16445986667884216,-0.06309926034152141,9200000000.0,10150000000.0,-0.9990900206921381,-0.998996055437522
BJTM.JK,19,,,0.10980000000000001,,,,,3860000000.0,4269999999.9999995,-0.9992705009088501,-0.9991930152540905
BKDP.JK,7,,,,,,,,,,,
BKSL.JK,7,,,,,,,,,,,
BKSW.JK,19,,,,,,,,,,,
BLTA.JK,32,,,1.7369999999999999,,,,,,,,
BLTZ.JK,11,,,,,,,,,,,
BMAS.JK,19,,,,,,,,,,,
BMHS.JK,23,,,,,,,,,,,
BMRI.JK,19,0.203,0.1,0.1932,531.04,583.97,0.2034628110411095,0.3234147668041518,138350000000.0,150150000000.0,-0.9989087773517106,-0.9988157059585063
BMSR.JK,8,,,,,,,,,,,
BMTR.JK,13,,,,,,,,11830000000.0,,-0.9990329828066304,
BNBA.JK,19,,,,,,,,,,,
BNBR.JK,26,,,,,,,,,,,
BNGA.JK,19,0.226,0.075,0.0527,248.0,266.6,0.22644775233667963,0.3184313337619307,19990000000.0,21330000000.0,-0.9989407486368961,-0.9988697432928961
BNII.JK,19,,,0.4028,,,,,7130000000.0,7910000000.0,-0.9992236115304903,-0.9991386770275146
BNLI.JK,19,,,,,,,,,,,
BOGA.JK,14,,,,,,,,,,,
BOLA.JK,11,,,,,,,,,,,
BOLT.JK,10,,,,,,,,,,,
BOSS.JK,18,,,,,,,,,,,
BPFI.JK,20,,,,,,,,,,,
BPII.JK,21,,,,,,,,,,,
BRAM.JK,10,,,,,,,,,,,
BREN.JK,29,,,,,,,,,,,
BRIS.JK,19,0.15,0.20600000000000002,,117.89,142.2,0.14969767895455424,0.38677589233469845,21230000000.0,23580000000.0,-0.9988450983072666,-0.9987172594482029
BRMS.JK,8,,,,,,,,,678980000000.0,,2.764735388405348
BRNA.JK,8,,,,,,,,,,,
BRPT.JK,8,,,,15.86,15.86,50.19994043518631,50.19994043518631,43530000000000.0,45120000000000.0,-0.05099498835625317,-0.01633112507774278
BSBK.JK,7,,,,,,,,,,,
BSDE.JK,7,-0.013000000000000001,0.005,0.1295,114.79,115.33,-0.013323018738181168,-0.008681450919718111,10130000000.0,10340000000.0,-0.9990103053258063,-0.9989897884569434
BSIM.JK,19,,,,,,,,,,,
BSSR.JK,18,,,,,,,,,,,
BSWD.JK,19,,,,,,,,,,,
BTEK.JK,2,,,,,,,,,,,
BTEL.JK,6,,,0.05,,,,,3000000000.0,3340000000.0,-0.9373040752351097,-0.9301985370950888
BTPN.JK,19,0.005,0.129,0.2418,385.74,435.65,0.004531250000000024,0.13450520833333326,14320000000.0,14780000000.0,-0.9989098221144868,-0.9988748024338069
BTPS.JK,19,-0.185,0.321,0.09609999999999999,188.33,248.85,-0.18471861471861467,0.07727272727272724,5360000000.0,5770000000.0,-0.998937275038375,-0.9988559845095941
BUDI.JK,2,,,,,,,,,,,
BUKA.JK,30,-1.19,2.185,-1.215,-3.62,4.29,-1.188051948051948,-0.7771428571428571,4620000000.0,5720000000.0,-0.998723180631291,-0.9984191760196935
BUKK.JK,27,,,,,,,,,,,
BULL.JK,18,,,,,,,,,,,
BUMI.JK,18,,,0.6383,,,,,8880000000.0,23400000.0,-0.9996867153064594,-0.9999991744524968
BUVA.JK,11,,,,,,,,,,,
BVIC.JK,19,,,,,,,,,,,
BWPT.JK,2,,,0.3016,,,,,,,,
BYAN.JK,18,,,1.206,,,,,,,,
CAMP.JK,2,,,,,,,,,,,
CARE.JK,23,,,,,,,,,,,
CARS.JK,14,,,,,,,,,,,
CASA.JK,21,,,,,,,,,,,
CASS.JK,28,,,,,,,,,,,
CBUT.JK,2,,,,,,,,,,,
CEKA.JK,2,,,,,,,,,,,
CENT.JK,6,,,,,,,,,,,
CFIN.JK,20,,,0.3628,,,,,874000000.0,958000000.0,-0.9993093156293933,-0.9992429340651703
CHIP.JK,31,,,,,,,,,,,
CITA.JK,8,,,,,,,,,,,
CITY.JK,7,,,,,,,,,,,
CLAY.JK,11,,,,,,,,,,,
CLEO.JK,2,,,,,,,,,,,
CLPI.JK,8,,,,,,,,,,,
CMNP.JK,28,,,,,,,,,,,
CMNT.JK,8,,,,,,,,,,,
CMPP.JK,33,,,,,,,,,,,
CMRY.JK,2,,,,,,,,,,,
CNKO.JK,18,,,,,,,,,,,
CNMA.JK,11,,1.0270000000000001,,7.44,15.08,0.346890339773002,1.7299874091097942,5570000000.0,7880000000.0,-0.9987343929289602,-0.9982095181831608
CPIN.JK,2,0.209,0.188,0.1198,216.4,257.05,0.20893854748603355,0.4360335195530727,59830000000.0,63600000000.0,-0.9989479060323055,-0.9988816116271876
CPRO.JK,2,,,,,,,,,,,
CSAP.JK,14,,,,,,,,10770000000.0,12340000000.0,-0.9993027944357651,-0.9992011590842471
CSMI.JK,11,,,,,,,,,,,
CTBN.JK,8,,,,,,,,,,,
CTRA.JK,7,-0.076,0.187,0.034300000000000004,93.33,110.76,-0.07594059405940595,0.09663366336633668,9430000000.0,9970000000.0,-0.9989667790426852,-0.9989076126251931
CTTH.JK,5,,,,,,,,,,,
DART.JK,7,,,,,,,,,,,
DEAL.JK,32,,,,,,,,,,,
DEPO.JK,14,,,,,,,,,,,
DEWA.JK,18,,,,,,,,,,,
DFAM.JK,11,,,,,,,,,,,
DGIK.JK,27,,,,,,,,,,,
DILD.JK,7,,,0.08789999999999999,,,,,3060000000.0,3130000000.0,-0.9990281873207746,-0.9990059563117727
DIVA.JK,30,,,,,,,,,,,
DKFT.JK,8,,,,,,,,,,,
DLTA.JK,2,,,,,,,,,,,
DMAS.JK,7,-0.054000000000000006,-0.009000000000000001,,23.9,23.69,-0.053840063341251104,-0.06215360253365005,1910000000.0,1910000000.0,-0.9990116049804172,-0.9990116049804172
DMMX.JK,30,,,,,,,,,,,
DMND.JK,15,,,,,,,,,,,
DNAR.JK,19,,,,,,,,,,,
DNET.JK,21,,,,,,,,,,,
DOID.JK,18,,,0.4326,,,,,21310000000000.0,23850000000000.0,-0.11445660638189536,-0.008906150267865062
DPUM.JK,2,,,,,,,,,,,
DRMA.JK,10,,,,,,,,,,,
DSNG.JK,2,,,,,,,,,,,
DSSA.JK,18,,,,,,,,,,,
DUTI.JK,7,,,,,,,,,,,
DVLA.JK,24,,,,,,,,,,,
DWGL.JK,18,,,,,,,,,,,
DYAN.JK,25,,,,,,,,,,,
ECII.JK,14,,,,,,,,,,,
EDGE.JK,30,,,,,,,,,,,
ELPI.JK,32,,,,,,,,,,,
ELSA.JK,18,,,,,,,,,,,
ELTY.JK,7,,,0.0463,,,,,,,,
EMDE.JK,7,,,,,,,,,,,
EMTK.JK,30,-0.883,0.768,,10.42,18.42,-0.8834321512473431,-0.793936681955476,16010000000.000002,17570000000.0,-0.9989687363062888,-0.9988682508995311
ENAK.JK,11,,,,,,,,,,,
ENRG.JK,18,,,0.19399999999999998,,,,,3170000000.0,,-0.9995471285451697,
EPMT.JK,15,,,,,,,,,,,
ERAA.JK,14,0.11900000000000001,0.217,,71.47,87.0,0.11899170189447318,0.3621418506341006,56400000000.0,62870000000.0,-0.998859949296581,-0.998729166884327
ERAL.JK,14,,,,,,,,,,,
ESSA.JK,8,-0.8809999999999999,,11831.4004,15.86,15.86,-0.8844897000898225,-0.8844897000898225,4790000000000.0,4250000000000.0,-0.5772117075216378,-0.6248746883020794
ETWA.JK,8,,,,,,,,,,,
EXCL.JK,6,0.033,0.276,0.2698,108.46,138.39,0.03295238095238089,0.3179999999999999,31470000000.0,33659999999.999996,-0.998920115075173,-0.9988449657906044
FAPA.JK,2,,,,,,,,,,,
FAST.JK,11,,,,,,,,,,,
FASW.JK,8,,,,,,,,,,,
FILM.JK,13,,,,,,,,,,,
FIRE.JK,18,,,,,,,,,,,
FISH.JK,2,,,,,,,,,,,
FMII.JK,7,,,,,,,,,,,
FPNI.JK,8,,,,,,,,,,,
FREN.JK,6,,,,,,,,14550000000.0,,-0.998701191916744,
FUJI.JK,20,,,,,,,,,,,
GDST.JK,8,,,,,,,,,,,
GEMA.JK,1,,,,,,,,,,,
GEMS.JK,18,,,,,,,,,,,
GGRM.JK,3,1.421,0.052000000000000005,-0.315,3498.0,3680.67,1.4207612456747405,1.5471764705882354,135009999999.99998,138380000000.0,-0.9989171712782717,-0.9988901426671153
GGRP.JK,8,,,,,,,,,,,
GIAA.JK,33,,,,,,,,3320000000.0,,-0.9998979298848899,
GJTL.JK,10,,,0.1519,,,,,15200000000.0,,-0.9991147603691263,
GMFI.JK,28,,,,,,,,485000000.0,558000000.0,-0.9998688167140701,-0.9998490716009302
GMTD.JK,7,,,,,,,,,,,
GOOD.JK,2,,,,,,,,,,,
GOTO.JK,30,0.728,0.498,-0.5243,-10.59,-5.32,-0.7189521772846481,-0.8588126140844502,16910000000.0,21950000000.0,-0.998510022806079,-0.9980659373502919
GPRA.JK,7,,,,,,,,,,,
GSMF.JK,21,,,,,,,,,,,
GTBO.JK,18,,,,,,,,,,,
GTSI.JK,18,,,,,,,,,,,
GWSA.JK,11,,,,,,,,,,,
GZCO.JK,2,,,0.0354,,,,,,,,
HDFA.JK,20,,,,,,,,,,,
HDTX.JK,9,,,,,,,,,,,
HEAL.JK,23,0.614,0.285,0.12789999999999999,33.19,42.64,0.6080426356589146,1.065891472868217,5730000000.0,6460000000.0,-0.9988310440429148,-0.9986821194619947
HELI.JK,33,,,,,,,,,,,
HERO.JK,15,,,,,,,,,,,
HITS.JK,18,,,,,,,,,,,
HMSP.JK,3,0.317,0.106,0.1343,71.1,78.66,0.31666666666666654,0.4566666666666666,119280000000.0,128060000000.0,-0.9989274473234608,-0.9988484985265125
HOKI.JK,2,,,,,,,,1440000000.0,1830000000.0,-0.9984444355382329,-0.9980231368298377
HOMI.JK,7,,,,,,,,,,,
HRME.JK,11,,,,,,,,,,,
HRTA.JK,9,,,,,,,,,,,
HRUM.JK,18,-0.171,-0.111,-3495.1599,285.55,253.82,-0.1899605405344076,-0.2799712288511412,13190000000000.0,14790000000000.0,-0.05840886407299221,0.05580992421231579
HUMI.JK,18,,,,,,,,,,,
IATA.JK,18,,,,,,,,,,,
IBOS.JK,2,,,,,,,,,,,
IBST.JK,6,,,,,,,,,,,
ICBP.JK,2,1.021,0.057,0.1288,794.12,839.75,1.0206615776081425,1.13676844783715,70430000000.0,76690000000.0,-0.9989130756185159,-0.9988164669769132
IDPR.JK,27,,,,,,,,,,,
IFII.JK,8,,,,,,,,,,,
IFSH.JK,8,,,,,,,,,,,
IGAR.JK,8,,,,,,,,,,,
IIKP.JK,12,,,,,,,,,,,
IKAI.JK,5,,,,,,,,,,,
IMJS.JK,33,,,,,,,,,,,
IMPC.JK,5,,,,,,,,,,,
INAF.JK,24,,,,,,,,,,,
INAI.JK,8,,,,,,,,,,,
INCO.JK,8,0.5660000000000001,-0.172,1378.36,460.06,380.74,0.470480853296281,0.21695187602492289,20110000000000.0,18990000000000.0,0.10084979999153795,0.039539418291362795
INDF.JK,2,0.522,0.107,0.0535,1101.92,1219.43,0.5219889502762431,0.6842955801104973,115970000000.0,124520000000.0,-0.9989536252333658,-0.9988764802453972
INDR.JK,9,,,,,,,,,,,
INDS.JK,10,,,,,,,,,,,
INDY.JK,18,-0.439,-0.478,-0.16570000000000001,729.74,380.74,-0.457818562984617,-0.7171182060333311,54430000000000.0,44170000000000.0,-0.18931069269676426,-0.34212480794444383
INKP.JK,8,,,,,,,,,,,
INPC.JK,19,,,,,,,,,,,
INPP.JK,7,,,,,,,,,,,
INPS.JK,18,,,,,,,,,,,
INTA.JK,5,,,,,,,,,,,
INTP.JK,8,0.1,0.114,0.1109,582.61,649.25,0.1004268661226956,0.22629570867331508,17640000000.0,18440000000.0,-0.9989196656254873,-0.9988706708692735
IPCC.JK,28,,,,,,,,,,,
IPCM.JK,28,,,,,,,,,,,
IPOL.JK,8,,,,,,,,,,,
IPTV.JK,13,,,,,,,,,,,
IRRA.JK,23,,,,,,,,,,,
ISAT.JK,6,-0.308,0.303,0.0862,406.33,529.53,-0.3082685007064912,-0.0985342435436918,50550000000.0,53820000000.0,-0.9989187702111633,-0.9988488271565737
ISSP.JK,8,,,,,,,,,,,
ITMA.JK,18,,,,,,,,,,,
ITMG.JK,18,-0.473,-0.37799999999999995,-5074.8901000000005,8360.33,5203.39,-0.4955293420012713,-0.6860222530541253,41630000000000.0,33170000000000.0,-0.2608146275597897,-0.411031016001879
JARR.JK,2,,,,,,,,,,,
JAWA.JK,2,,,,,,,,,,,
JAYA.JK,32,,,,,,,,,,,
JECC.JK,5,,,,,,,,,,,
JGLE.JK,11,,,,,,,,,,,
JIHD.JK,11,,,,,,,,,,,
JKON.JK,27,,,,,,,,6270000000.0,6730000000.0,-0.998595799557256,-0.9984927800670387
JPFA.JK,2,-0.21600000000000003,0.424,0.085,95.67,136.27,-0.21581967213114753,0.11696721311475418,51320000000.0,54200000000.0,-0.9989520560539744,-0.9988932470406355
JRPT.JK,7,,,,,,,,2390000000.0,2570000000.0,-0.9989419977724847,-0.998862315596354
JSMR.JK,28,-0.221,0.37,-0.0453,294.99,403.99,-0.22057230427774993,0.06742938674135329,15710000000.0,17860000000.0,-0.9990526356478311,-0.998922983620004
JSPT.JK,11,,,,,,,,,,,
JTPE.JK,25,,,,,,,,,,,
KAEF.JK,24,,,,,,,,7300000000.0,9050000000.0,-0.9992400697962414,-0.9990578947473951
KARW.JK,28,,,,,,,,,,,
KBLI.JK,5,,,,,,,,,,,
KBLV.JK,6,,,,,,,,,,,
KEEN.JK,29,,,,,,,,,,,
KEJU.JK,2,,,,,,,,,,,
KIAS.JK,5,,,,,,,,,,,
KIJA.JK,7,,,0.1515,,,,,4030000000.0000005,,-0.9985185247123318,
KINO.JK,16,,,0.1772,,,,,,,,
KIOS.JK,30,,,,,,,,,,,
KKGI.JK,18,,,,,,,,,,,
KLBF.JK,24,-0.013999999999999999,0.12,0.1525,71.66,80.29,-0.014440929720808654,0.10424975931783817,31260000000.0,33970000000.0,-0.998919591575839,-0.9988259285294706
KMTR.JK,8,,,,,,,,,,,
KOIN.JK,5,,,,,,,,,,,
KONI.JK,25,,,,,,,,,,,
KOTA.JK,11,,,,,,,,,,,
KPIG.JK,11,,,,,,,,,,,
KRAS.JK,8,,,0.272,,,,,23550000000.0,22880000000.0,-0.9993207593344829,-0.9993400838035231
KREN.JK,30,,,,,,,,,,,
LAND.JK,7,,,,,,,,,,,
LAPD.JK,29,,,,,,,,,,,
LIFE.JK,4,,,,,,,,,,,
LINK.JK,6,,,0.0508,,,,,5160000000.0,5480000000.0,-0.9988194329571763,-0.9987462194971563
LPCK.JK,7,,,,,,,,1560000000.0,1740000000.0,-0.9987455854256325,-0.9986008452824363
LPGI.JK,4,,,,,,,,,,,
LPKR.JK,7,1.504,0.031,0.12390000000000001,19.16,19.75,-1.5042105263157894,-1.519736842105263,14690000000.0,16800000000.0,-0.998998915503153,-0.9988551246053757
LPLI.JK,7,,,,,,,,,,,
LPPF.JK,14,-0.158,0.10099999999999999,0.0681,490.23,539.77,-0.15768041237113398,-0.0725601374570447,6970000000.0,7480000000.0,-0.9989201471264681,-0.9988411335015756
LPPS.JK,21,,,,,,,,,,,
LSIP.JK,2,-0.32899999999999996,0.127,-0.0087,101.95,114.87,-0.32927631578947364,-0.24427631578947365,4230000000.0000005,4400000000.0,-0.9990774964081243,-0.9990404217956849
LTLS.JK,8,,,,,,,,,,,
MAHA.JK,18,,,,,,,,,,,
MAIN.JK,2,-3.575,2.861,,-30.9,57.5,-3.5749999999999997,3.7916666666666665,11820000000.0,12880000000.0,-0.9989352931409902,-0.9988398118152245
MAPA.JK,14,0.187,0.249,,48.89,61.07,0.18665048543689314,0.48228155339805817,12690000000.0,16020000000.0,-0.9987052658643192,-0.998365512935098
MAPB.JK,11,,,,,,,,,,,
MAPI.JK,14,0.033,0.11599999999999999,0.7212999999999999,132.2,147.48,0.03281249999999991,0.15218749999999992,32640000000.0,37050000000.0,-0.9987882990673912,-0.9986245857980038
MARK.JK,5,,,,,,,,,,,
MASA.JK,10,,,0.2569,,,,,,,,
MASB.JK,19,,,,,,,,,,,
MAYA.JK,19,,,,,,,,,,,
MBAP.JK,18,,,,,,,,,,,
MBMA.JK,8,,,,,,,,,,,
MBSS.JK,18,,,,,,,,1140000000.0,1290000000.0,-0.9991671314184573,-0.9990575434472017
MCAS.JK,30,-0.594,2.303,,11.6,38.31,-0.5857142857142856,0.36821428571428577,12970000000.0,13810000000.0,-0.9989468023730483,-0.9988785921952041
MCOL.JK,18,,,,,,,,,,,
MCOR.JK,19,,,,,,,,,,,
MDIA.JK,13,,,,,,,,,,,
MDKA.JK,8,0.41100000000000003,1.0,11289.5,63.46,126.91,0.6389146128710862,2.2775709662696113,24360000000000.0,34630000000000.004,0.8080677852159345,1.5703361002474474
MDLN.JK,7,,,-0.0253,,,,,2500000000.0,2500000000.0,-0.9977249155514297,-0.9977249155514297
MDRN.JK,25,,,1.311,,,,,,,,
MEDC.JK,18,-0.358,0.083,-0.059000000000000004,190.37,206.23,-0.442701702659182,-0.39627237558125294,34560000000000.004,33259999999999.996,-0.03497309650849478,-0.07127329831807129
MEGA.JK,19,,,,,,,,,,,
MERK.JK,24,,,,,,,,,,,
META.JK,28,,,,,,,,,,,
MFIN.JK,20,,,,,,,,,,,
MGRO.JK,2,,,,,,,,,,,
MICE.JK,1,,,,,,,,,,,
MIDI.JK,15,,,,,,,,,,,
MIKA.JK,23,0.004,0.18,0.0325,71.93,84.9,0.004468649629940056,0.18558860494344373,4380000000.0,4940000000.0,-0.998918233422373,-0.998779925366786
MINA.JK,11,,,,,,,,,,,
MIRA.JK,32,,,,,,,,,,,
MKNT.JK,14,,,,,,,,,,,
MKPI.JK,7,,,,,,,,,,,
MKTR.JK,2,,,,,,,,,,,
MLBI.JK,2,0.172,0.1,,514.51,565.98,0.172004555808656,0.289248291571754,3520000000.0,3880000000.0,-0.9988699502103915,-0.9987543769364543
MLIA.JK,5,,,,,,,,,,,
MLPL.JK,15,,,,,,,,,,,
MLPT.JK,30,,,,,,,,,,,
MMLP.JK,7,,,,,,,,,,,
MNCN.JK,13,,,0.08839999999999999,,,,,,,,
MOLI.JK,8,,,,,,,,,,,
MORA.JK,6,,,,,,,,,,,
MPMX.JK,14,,,0.1371,,,,,12470000000.0,13510000000.0,-0.9990214123146981,-0.9989397979447933
MPPA.JK,15,,,0.3582,,,,,9190000000.0,,-0.9987605322724892,
MPRO.JK,7,,,,,,,,,,,
MRAT.JK,16,,,,,,,,,,,
MREI.JK,4,,,,,,,,,,,
MSIN.JK,13,,,,,,,,,,,
MSKY.JK,13,,,,,,,,,,,
MTDL.JK,31,,,,,,,,24020000000.0,27630000000.0,-0.9988555526920551,-0.9986835520766645
MTEL.JK,6,0.233,0.11900000000000001,,25.9,28.99,0.23333333333333325,0.3804761904761904,8640000000.0,9340000000.0,-0.9988821220804275,-0.9987915532674992
MTLA.JK,7,,,,,,,,,,,
MTMH.JK,23,,,,,,,,,,,
MTPS.JK,27,,,,,,,,,,,
MYOH.JK,18,,,,,,,,,,,
MYOR.JK,2,0.293,0.217,0.3864,112.52,136.92,0.2933333333333333,0.5737931034482757,33450000000.000004,36750000000.0,-0.9989093365539733,-0.998801737469612
MYTX.JK,9,,,,,,,,,,,
NASA.JK,7,,,,,,,,,,,
NATO.JK,11,,,,,,,,,,,
NETV.JK,13,,,,,,,,,,,
NFCX.JK,30,,,,,,,,,,,
NICL.JK,8,,,,,,,,,,,
NIKL.JK,8,,,,,,,,1290000000.0,1540000000.0,-0.9996738218704861,-0.9996106090546889
NIRO.JK,7,,,,,,,,,,,
NISP.JK,19,,,,,,,,,,,
NOBU.JK,19,,,,,,,,,,,
NRCA.JK,27,,,,,,,,,,,
NSSS.JK,2,,,,,,,,,,,
OMED.JK,23,,,,,,,,,,,
OMRE.JK,7,,,,,,,,,,,
PADI.JK,22,,,,,,,,,,,
PALM.JK,2,,,,,,,,,,,
PANI.JK,2,,,,,,,,,,,
PANS.JK,22,,,,,,,,,,,
PBID.JK,8,,,,,,,,,,,
PBRX.JK,9,,,,,,,,482000000.0,553000000.0,-0.9999549010238497,-0.9999482578136698
PBSA.JK,27,,,,,,,,,,,
PCAR.JK,15,,,,,,,,,,,
PEHA.JK,24,,,,,,,,,,,
PGAS.JK,18,0.063,0.077,0.1557,206.23,222.1,0.02424713511964972,0.10306593953389036,56260000000000.0,57820000000000.0,0.01788510901134713,0.04610943837604144
PGEO.JK,29,,,,,,,,,,,
PGLI.JK,11,,,,,,,,,,,
PGUN.JK,2,,,,,,,,,,,
PICO.JK,8,,,,,,,,,,,
PIPA.JK,5,,,,,,,,,,,
PJAA.JK,11,,,,,,,,,,,
PLIN.JK,7,,,,,,,,,,,
PMJS.JK,14,,,,,,,,,,,
PNBN.JK,19,,,0.1371,,,,,7070000000.0,7300000000.0,-0.9993703766768285,-0.9993498938813081
PNBS.JK,19,,,,,,,,,,,
PNIN.JK,4,,,,,,,,,,,
PNLF.JK,4,,,,,,,,4580000000.0,4870000000.0,-0.9983131115431052,-0.9982062998285857
POLA.JK,20,,,,,,,,,,,
POLI.JK,7,,,,,,,,,,,
POLL.JK,7,,,,,,,,,,,
POLU.JK,9,,,,,,,,,,,
PORT.JK,28,,,,,,,,,,,
POSA.JK,7,,,,,,,,,,,
POWR.JK,29,,,0.15869999999999998,,95.18,,0.3359313368663412,8560000000000.001,8550000000000.001,0.004041053255480892,0.0028681080998086013
PPRE.JK,27,,,,,,,,,,,
PPRO.JK,7,,,,,,,,2330000000.0,,-0.9986331726581215,
PRAY.JK,23,,,,,,,,,,,
PRDA.JK,23,,,0.41409999999999997,,,,,,,,
PRIM.JK,23,,,,,,,,,,,
PSAB.JK,8,,,,,,,,,,,
PSGO.JK,2,,,,,,,,,,,
PSSI.JK,18,,,,,,,,,,,
PTBA.JK,18,-0.494,-0.138,0.07769999999999999,553.95,477.59,-0.49364716636197437,-0.5634460694698356,39010000000.0,37520000000.0,-0.9990853155989448,-0.9991202522756321
PTIS.JK,18,,,,,,,,,,,
PTMP.JK,5,,,,,,,,,,,
PTPP.JK,27,1.3769999999999998,-0.485,0.0949,104.6,53.9,1.3772727272727272,0.22499999999999998,23260000000.0,23340000000.0,-0.9987707325611709,-0.9987665046422067
PTRO.JK,18,,,,,,,,,,,
PTSN.JK,31,,,,,,,,,,,
PTSP.JK,11,,,,,,,,,,,
PWON.JK,7,0.264,0.08,0.1444,40.4,43.64,0.2644757433489828,0.3658841940532082,6080000000.0,6420000000.0,-0.9989845397355545,-0.9989277541286612
PYFA.JK,24,,,,,,,,,,,
PZZA.JK,11,1.179,4.928999999999999,,1.4,8.3,-1.1794871794871795,-2.0641025641025643,3730000000.0,3880000000.0,-0.9989674223237016,-0.9989258977522687
RAAM.JK,13,,,,,,,,,,,
RAJA.JK,18,,,,,,,,208200000.0,219200000.0,-0.9998938920148297,-0.9998882859253154
RALS.JK,14,-0.126,0.19699999999999998,0.1819,49.09,58.75,-0.1260459319921666,0.045931992166636966,2820000000.0,3130000000.0,-0.9990589375404832,-0.9989554874119547
RDTX.JK,7,,,,,,,,,,,
RICY.JK,9,,,,,,,,,,,
RISE.JK,7,,,,,,,,,,,
RMBA.JK,3,,,,,,,,,,,
RMKE.JK,18,,,,,,,,,,,
RODA.JK,7,,,,,,,,,,,
ROTI.JK,2,-0.204,0.266,,59.72,75.6,-0.2035209389170446,0.008268871699119636,4099999999.9999995,4560000000.0,-0.9989581168166317,-0.9988412226058148
RSGK.JK,23,,,,,,,,,,,
RUIS.JK,18,,,,,,,,,,,
SAFE.JK,33,,,,,,,,,,,
SAGE.JK,7,,,,,,,,,,,
SAME.JK,23,,,,,,,,954000000.0,1140000000.0,-0.9993154136063506,-0.9991819407874629
SAMF.JK,8,,,,,,,,,,,
SCCO.JK,5,,,,,,,,,,,
SCMA.JK,13,-0.07,0.18,0.1003,12.45,14.69,-0.07020164301717709,0.09708737864077661,6710000000.0,7170000000.0,-0.9990592403645592,-0.9989947471555722
SDMU.JK,32,,,,,,,,,,,
SDPC.JK,15,,,,,,,,,,,
SDRA.JK,19,,,,,,,,,,,
SFAN.JK,21,,,,,,,,,,,
SGER.JK,18,,,,,,,,,,,
SGRO.JK,2,,,0.0359,,,,,,,,
SHID.JK,11,,,,,,,,,,,
SHIP.JK,18,,,,,,,,,,,
SIDO.JK,24,-0.069,0.076,0.0969,34.28,36.89,-0.068984247691472,0.0019011406844106542,3720000000.0,3920000000.0,-0.9990376463935152,-0.9989859069523064
SILO.JK,23,0.04,0.191,0.4839,73.38,87.41,0.03731976251060221,0.23565168221656776,10860000000.0,11960000000.0,-0.9988590054309661,-0.9987434350786698
SIMP.JK,2,-0.792,0.1,0.154,16.0,17.6,-0.7922077922077922,-0.7714285714285715,13690000000.0,15180000000.0,-0.9992306501775912,-0.9991469152443998
SIPD.JK,2,,,,,,,,,,,
SKBM.JK,2,,,,,,,,,,,
SKLT.JK,2,,,,,,,,,,,
SKRN.JK,5,,,,,,,,,,,
SLIS.JK,14,,,,,,,,,,,
SMAR.JK,2,,,,,,,,,,,
SMBR.JK,8,,,,,,,,1730000000.0,1880000000.0,-0.9990806514979209,-0.9990009392000527
SMCB.JK,8,,,0.1393,,,,,9570000000.0,10300000000.0,-0.9992195430975315,-0.9991600098123903
SMDM.JK,7,,,,,,,,,,,
SMDR.JK,32,,,,,,,,,,,
SMGR.JK,8,0.028999999999999998,0.204,0.2462,408.42,491.54,0.028765743073047897,0.23813602015113355,38970000000.0,40580000000.0,-0.9989287657245275,-0.9988845089325462
SMMA.JK,21,,,,,,,,,,,
SMMT.JK,18,,,,,,,,,,,
SMRA.JK,7,0.187,0.10800000000000001,0.34299999999999997,44.98,49.83,0.18743400211193226,0.31546990496304106,6260000000.0,6900000000.0,-0.9989054788760195,-0.9987935789528011
SMRU.JK,18,,,,,,,,,,,
SMSM.JK,10,,,0.10830000000000001,,,,,,,,
SOCI.JK,18,,,,,,,,,,,
SOHO.JK,24,,,,,,,,,,,
SONA.JK,14,,,,,,,,,,,
SPMA.JK,8,,,,,,,,,,,
SPTO.JK,5,,,,,,,,2460000000.0,,-0.9990182168186585,
SQMI.JK,8,,,,,,,,,,,
SRAJ.JK,23,,,,,,,,,,,
SRIL.JK,9,,,,,,,,14910000000.0,16210000000.0,-0.9981648381993872,-0.9980048307989314
SRSN.JK,8,,,,,,,,,,,
SRTG.JK,21,-0.363,-0.23199999999999998,,215.32,165.32,-0.37040935672514624,-0.516608187134503,3410000000.0,3030000000.0,-0.9994620325954608,-0.9995219820423009
SSIA.JK,27,-0.179,0.58,-0.5153,31.72,50.12,-0.1793014230271669,0.2967658473479948,4370000000.0,4750000000.0,-0.9987911283389018,-0.9986860090640237
SSMS.JK,2,-0.616,-0.257,,74.0,55.0,-0.616381544841887,-0.7148781752203214,5300000000.0,5090000000.0,-0.999270094954288,-0.9992990157202501
STAA.JK,2,,,,,,,,,,,
STAR.JK,21,,,,,,,,,,,
STTP.JK,2,,,,,,,,,,,
SULI.JK,8,,,,,,,,,,,
SUPR.JK,6,,,0.05,,,,,1910000000.0,2400000000.0,-0.9989884851479434,-0.9987289865733319
SURE.JK,18,,,,,,,,,,,
TAMU.JK,18,,,,,,,,,,,
TAPG.JK,2,,,,,,,,,,,
TARA.JK,7,,,,,,,,,,,
TAXI.JK,33,,,,,,,,698000000.0,,-0.7632697802003999,
TBIG.JK,6,-0.064,0.10099999999999999,0.0654,68.76,75.71,-0.06372549019607833,0.030909586056644827,6660000000.0,6950000000.0,-0.9989792116295078,-0.9989347628866485
TBLA.JK,2,-0.19899999999999998,0.09300000000000001,,120.0,131.2,-0.1987089652267135,-0.12392180198120682,15980000000.0,17100000000.000002,-0.9990361858532831,-0.998968634423726
TCID.JK,16,,,,,,,,,,,
TCPI.JK,18,,,,,,,,,,,
TDPM.JK,8,,,,,,,,,,,
TEBE.JK,18,,,,,,,,,,,
TECH.JK,30,,,,,,,,,,,
TELE.JK,14,,,0.1883,,,,,31120000000.0,34060000000.000004,-0.9887634161092607,-0.9877018622326933
TFAS.JK,30,,,,,,,,,,,
TFCO.JK,9,,,,,,,,,,,
TGKA.JK,2,,,,,,,,,,,
TGRA.JK,29,,,,,,,,,,,
TIFA.JK,20,,,,,,,,,,,
TINS.JK,8,-1.072,1.446,-0.051,-10.1,4.5,-1.072142857142857,-0.9678571428571429,8470000000.000001,8830000000.0,-0.9993226328517308,-0.9992938427486168
TIRT.JK,8,,,,,,,,,,,
TKIM.JK,8,,,,,,,,,,,
TLDN.JK,2,,,,,,,,,,,
TLKM.JK,6,0.24600000000000002,0.077,0.0824,261.11,281.24,0.24640794309990932,0.3424984486132989,152080000000.0,158900000000.0,-0.998967591272589,-0.9989212930905733
TMAS.JK,32,,,,,,,,,,,
TOBA.JK,18,,,,,,,,,,,
TOPS.JK,27,,,,,,,,5070000000.0,,-0.9933459068073931,
TOTL.JK,27,,,0.0462,,,,,,,,
TOTO.JK,5,,,,,,,,1920000000.0,,-0.9990796040524316,
TOWR.JK,6,-0.01,0.083,0.0655,68.29,73.99,-0.010289855072463678,0.07231884057971007,11620000000.0,12270000000.0,-0.9989470488824854,-0.998888148863003
TPIA.JK,8,,1.001,0.026099999999999998,15.86,31.73,-1.4876184803351082,-1.9755444124232653,37320000000000.0,39490000000000.0,0.010471346655519182,0.06922597747659305
TPMA.JK,18,,,,,,,,,,,
TRGU.JK,2,,,,,,,,,,,
TRIM.JK,22,,,,,,,,,,,
TRIN.JK,7,,,,,,,,,,,
TRIO.JK,14,,,,,,,,,,,
TRST.JK,8,,,,,,,,,,,
TSPC.JK,24,,,0.18,,,,,11110000000.0,12340000000.0,-0.9990933845951931,-0.9989930122326448
TUGU.JK,4,,,,,,,,,,,
UCID.JK,16,,,,,,,,,,,
ULTJ.JK,2,0.244,0.196,,114.41,136.85,0.2435869565217391,0.48749999999999993,8240000000.0,9130000000.0,-0.9989237553831822,-0.9988075105155891
UNIC.JK,8,,,,,,,,,,,
UNSP.JK,2,,,-0.0892,,,,,,,,
UNTR.JK,5,-0.039,-0.107,0.2,5458.69,4872.07,-0.038793801725655996,-0.14209015671773204,124950000000.0,115740000000.0,-0.9989891386814356,-0.9990636487474138
UNVR.JK,16,0.036000000000000004,0.06,0.04,146.01,154.74,0.035531914893616956,0.09744680851063836,41280000000.0,43040000000.0,-0.998998517208655,-0.9989558183299542
URBN.JK,7,,,,,,,,,,,
VICI.JK,16,,,,,,,,,,,
VICO.JK,21,,,,,,,,,,,
VIVA.JK,13,,,0.43,,,,,3600000000.0,,-0.9978806319295285,
VKTR.JK,10,,,,,,,,,,,
VTNY.JK,20,,,,,,,,,,,
WEGE.JK,27,,,,,,,,,,,
WEHA.JK,33,,,,,,,,,,,
WIIM.JK,3,,,,,,,,,,,
WIKA.JK,27,-15.205,0.544,0.1524,-107.6,-49.1,15.204819277108433,6.394578313253012,23940000000.0,27000000000.0,-0.998885515945987,-0.9987430630969778
WINE.JK,2,,,,,,,,,,,
WINS.JK,18,,,0.2883,,,,,954690000.0,1010000000.0,-0.9989895284752183,-0.9989309867705438
WIRG.JK,30,,,,,,,,,,,
WMPP.JK,2,,,,,,,,,,,
WMUU.JK,2,,,,,,,,,,,
WOMF.JK,20,,,,,,,,,,,
WOOD.JK,1,,,,,,,,7540000000.0,8750000000.0,-0.9983343272629509,-0.99806702434361
WSBP.JK,8,,,,,,,,5000000000.0,,-0.997575370877284,
WSKT.JK,27,,,-0.1325,,,,,15300000000.0,18630000000.0,-0.9990001876993027,-0.9987825814926803
WTON.JK,8,,,0.1636,,,,,7100000000.0,7690000000.0,-0.998817413279423,-0.9987191419885582
YPAS.JK,8,,,,,,,,,,,
YULE.JK,22,,,,,,,,,,,
ZBRA.JK,26,,,,,,,,,,,
ZINC.JK,8,,,,,,,,,,,
