symbol,sub_sector_id,estimate_overall_growth_current_year,estimate_overall_growth_next_year,estimate_overall_growth_next_five_years,estimate_growth_earnings_current_year,estimate_growth_earnings_next_year,estimate_growth_revenue_current_year,estimate_growth_revenue_next_year
AALI.JK,2,-0.32899999999999996,0.079,0.10439999999999999,-0.3287889597360325,-0.2759508627993045,-0.02879668229616836,-0.034752174338691856
ABBA.JK,13,,,,,,,
ABDA.JK,4,,,,,,,
ABMM.JK,18,,,,,,,
ACES.JK,14,,,0.1422,,0.055112026783414904,-0.0004145236825872776,0.07943402028359658
ACST.JK,27,,,,,,2.4623433988831773,3.610028258123005
ADCP.JK,7,,,,,,,
ADES.JK,2,,,,,,,
ADHI.JK,27,,,0.5831000000000001,,,0.11890091927285851,0.15580398389267575
ADMF.JK,20,,,,,,,
ADMG.JK,8,,,,,,,
ADMR.JK,18,,,,,,,
ADRO.JK,18,-0.41,-0.273,-2327.9099,-0.44370678102899996,-0.5954245750128543,757.3727363838516,650.6730312227738
AGII.JK,8,,,,,,,
AGRO.JK,19,,,,,,0.5543223534734284,1.0178921781935737
AGRS.JK,19,,,,,,,
AISA.JK,2,,,,,,1.8745606803488524,2.1023560550180065
AKPI.JK,8,,,,,,,
AKRA.JK,18,0.057,0.077,0.1941,0.05732117927239882,0.1383756261805043,-0.13567497731388298,-0.10790887777760469
ALDO.JK,8,,,,,,,
ALMI.JK,8,,,,,,,
AMAG.JK,4,,,,,,,
AMAN.JK,7,,,,,,,
AMAR.JK,19,,,,,,,
AMFG.JK,5,,,,,,,
AMMN.JK,8,,,,,,,
AMRT.JK,15,0.245,0.21100000000000002,0.215,0.24534613147178577,0.5077079697498544,0.12767969142556726,0.26211396753970395
ANDI.JK,2,,,,,,,
ANJT.JK,2,,,,,,,
ANTM.JK,8,0.03,0.059000000000000004,0.1583,0.029559748427672883,0.08981132075471698,-0.047906356310410486,-0.04072156549363563
APEX.JK,18,,,,,,,
APIC.JK,21,,,,,,,
APLN.JK,7,,,,,,-0.285534967687646,
ARCI.JK,8,,,,,,,
ARGO.JK,9,,,,,,,
ARII.JK,18,,,,,,,
ARKA.JK,5,,,,,,,
ARKO.JK,29,,,,,,,
ARNA.JK,5,,,,,,0.14046452131781903,0.2603099455918949
ARTI.JK,18,,,,,,,
ARTO.JK,19,4.948,2.06,,4.947826086956522,17.200000000000003,0.37681746894822327,0.935931161922121
ASDM.JK,4,,,,,,,
ASGR.JK,25,,,,,,0.3608378362403487,
ASII.JK,26,0.079,0.018000000000000002,-0.011000000000000001,0.07904895104895103,0.09839160839160842,0.040085739218724596,0.05282717110349427
ASLC.JK,14,,,,,,,
ASMI.JK,4,,,,,,,
ASRI.JK,7,-0.54,-0.027999999999999997,0.1425,-0.540075990591641,-0.5529220191785779,-0.20997545240399093,-0.1988483460998218
ASRM.JK,4,,,,,,,
ASSA.JK,33,,,0.3258,,,-0.7121000048771838,-0.6831396503382023
ATIC.JK,30,,,,,,,
AUTO.JK,10,0.24,0.1,,0.24025454545454544,0.36483636363636357,0.06835726534339989,0.14855133715003294
AVIA.JK,8,0.179,0.1,0.1681,0.179124281291464,0.2967713401149934,0.07855027904127337,0.16818049613611602
BABP.JK,19,,,,,,,
BACA.JK,19,,,,,,,
BAJA.JK,8,,,,,,,
BALI.JK,6,,,,,,,
BANK.JK,19,0.504,1.72,,-0.5145,-1.3495000000000001,2.6679744486778185,8.699446199170007
BAPA.JK,7,,,,,,,
BATA.JK,9,,,,,,,
BBCA.JK,19,0.212,0.076,0.124,0.21163636363636357,0.3034545454545454,0.1247325115990763,0.2194562348919571
BBHI.JK,19,,,,,,,
BBKP.JK,19,,,0.17,,,,
BBLD.JK,20,,,,,,,
BBMD.JK,19,,,,,,,
BBNI.JK,19,0.152,0.125,0.139,-0.4237538148524923,-0.3517904374364191,0.02596512606315983,0.11196538396602053
BBRI.JK,19,0.149,0.115,0.05,0.14896449704142017,0.28118343195266277,0.09875312139722159,0.18897973871081605
BBRM.JK,18,,,,,,,
BBSI.JK,19,,,,,,,
BBTN.JK,19,-0.133,0.11800000000000001,0.0766,-0.15989583333333338,-0.06055555555555555,0.09719995803518362,0.1853457973604821
BBYB.JK,19,,,,,,,
BCAP.JK,21,,,,,,,
BCIC.JK,19,,,,,,,
BCIP.JK,7,,,,,,,
BDKR.JK,27,,,,,,,
BDMN.JK,19,0.105,,0.10439999999999999,0.10450455783118268,,0.0630538551277615,0.14387737948805593
BEBS.JK,8,,,,,,,
BEKS.JK,19,,,,,,,
BELI.JK,30,,,,,,,
BEST.JK,7,6.414,0.17,0.1,6.414285714285714,7.671428571428572,0.2987395521710614,0.43966660995983614
BFIN.JK,20,0.047,0.261,0.2535,0.046694214876033105,0.3202479338842975,0.12056261581335628,0.2606329427900258
BGTG.JK,19,,,,,,,
BHAT.JK,4,,,,,,,
BHIT.JK,26,,,,,,,
BINA.JK,19,,,,,,,
BIPI.JK,18,,,,252.90134396137478,252.90134396137478,10498.231350865846,9036.31306150478
BIPP.JK,7,,,,,,,
BIRD.JK,33,,,0.1137,,,-0.14487061641736998,
BISI.JK,2,,,,,,,
BJBR.JK,19,-0.16399999999999998,0.121,0.050300000000000004,-0.16445986667884216,-0.06309926034152141,-0.09002069213817443,0.003944562477992348
BJTM.JK,19,,,0.10980000000000001,,,-0.27050090885003353,-0.1930152540905812
BKDP.JK,7,,,,,,,
BKSL.JK,7,,,,,,,
BKSW.JK,19,,,,,,,
BLTA.JK,32,,,1.7369999999999999,,,,
BLTZ.JK,11,,,,,,,
BMAS.JK,19,,,,,,,
BMHS.JK,23,,,,,,,
BMRI.JK,19,0.203,0.1,0.1932,0.2034628110411095,0.3234147668041518,0.09122264828938881,0.18429404149368797
BMSR.JK,8,,,,,,,
BMTR.JK,13,,,,,,-0.032982806630484585,
BNBA.JK,19,,,,,,,
BNBR.JK,26,,,,,,,
BNGA.JK,19,0.226,0.075,0.0527,0.22644775233667963,0.3184313337619307,0.05925136310389582,0.1302567071038568
BNII.JK,19,,,0.4028,,,-0.2236115304903432,-0.13867702751453223
BNLI.JK,19,,,,,,,
BOGA.JK,14,,,,,,,
BOLA.JK,11,,,,,,,
BOLT.JK,10,,,,,,,
BOSS.JK,18,,,,,,,
BPFI.JK,20,,,,,,,
BPII.JK,21,,,,,,,
BRAM.JK,10,,,,,,,
BREN.JK,29,,,,,,,
BRIS.JK,19,0.15,0.20600000000000002,,0.14969767895455424,0.38677589233469845,0.1549016927333727,0.2827405517971233
BRMS.JK,8,,,,,,,3731.5207243406694
BRNA.JK,8,,,,,,,
BRPT.JK,8,,,,49.78026879227495,49.78026879227495,939.9385780506343,974.1664178916792
BSBK.JK,7,,,,,,,
BSDE.JK,7,-0.013000000000000001,0.005,0.1295,-0.013323018738181168,-0.008681450919718111,-0.010305325806239373,0.010211543056612525
BSIM.JK,19,,,,,,,
BSSR.JK,18,,,,,,,
BSWD.JK,19,,,,,,,
BTEK.JK,2,,,,,,,
BTEL.JK,6,,,0.05,,,61.69592476489028,68.80146290491118
BTPN.JK,19,0.005,0.129,0.2418,0.004531250000000024,0.13450520833333326,0.09017788551320315,0.12519756619309655
BTPS.JK,19,-0.114,0.33299999999999996,0.09609999999999999,-0.11389610389610391,0.1812987012987013,0.08056922404026617,0.19160019018018343
BUDI.JK,2,,,,,,,
BUKA.JK,30,-1.19,2.185,-1.215,-1.188051948051948,-0.7771428571428571,0.27681936870909213,0.5808239803064951
BUKK.JK,27,,,,,,,
BULL.JK,18,,,,,,,
BUMI.JK,18,,,0.6383,,,-0.686715306459365,-0.9991744524967511
BUVA.JK,11,,,,,,,
BVIC.JK,19,,,,,,,
BWPT.JK,2,,,0.3016,,,,
BYAN.JK,18,,,1.206,,,,
CAMP.JK,2,,,,,,,
CARE.JK,23,,,,,,,
CARS.JK,14,,,,,,,
CASA.JK,21,,,,,,,
CASS.JK,28,,,,,,,
CBUT.JK,2,,,,,,,
CEKA.JK,2,,,,,,,
CENT.JK,6,,,,,,,
CFIN.JK,20,,,0.3628,,,-0.3093156293933359,-0.2429340651702698
CHIP.JK,31,,,,,,,
CITA.JK,8,,,,,,,
CITY.JK,7,,,,,,,
CLAY.JK,11,,,,,,,
CLEO.JK,2,,,,,,,
CLPI.JK,8,,,,,,,
CMNP.JK,28,,,,,,,
CMNT.JK,8,,,,,,,
CMPP.JK,33,,,,,,,
CMRY.JK,2,,,,,,,
CNKO.JK,18,,,,,,,
CNMA.JK,11,,1.0270000000000001,,0.346890339773002,1.7299874091097942,0.26560707103986547,0.7904818168391634
CPIN.JK,2,0.209,0.188,0.1198,0.20893854748603355,0.4360335195530727,0.052093967694472616,0.1183883728124429
CPRO.JK,2,,,,,,,
CSAP.JK,14,,,,,,-0.30279443576513787,-0.20115908424714962
CSMI.JK,11,,,,,,,
CTBN.JK,8,,,,,,,
CTRA.JK,7,-0.076,0.187,0.034300000000000004,-0.07594059405940595,0.09663366336633668,0.03322095731482637,0.09238737480687369
CTTH.JK,5,,,,,,,
DART.JK,7,,,,,,,
DEAL.JK,32,,,,,,,
DEPO.JK,14,,,,,,,
DEWA.JK,18,,,,,,,
DFAM.JK,11,,,,,,,
DGIK.JK,27,,,,,,,
DILD.JK,7,,,0.08789999999999999,,,-0.028187320774597416,-0.005956311772709121
DIVA.JK,30,,,,,,,
DKFT.JK,8,,,,,,,
DLTA.JK,2,,,,,,,
DMAS.JK,7,-0.054000000000000006,-0.009000000000000001,,-0.053840063341251104,-0.06215360253365005,-0.011604980417240921,-0.011604980417240921
DMMX.JK,30,,,,,,,
DMND.JK,15,,,,,,,
DNAR.JK,19,,,,,,,
DNET.JK,21,,,,,,,
DOID.JK,18,,,0.4326,,,884.5433936181046,990.0938497321349
DPUM.JK,2,,,,,,,
DRMA.JK,10,,,,,,,
DSNG.JK,2,,,,,,,
DSSA.JK,18,,,,,,,
DUTI.JK,7,,,,,,,
DVLA.JK,24,,,,,,,
DWGL.JK,18,,,,,,,
DYAN.JK,25,,,,,,,
ECII.JK,14,,,,,,,
EDGE.JK,30,,,,,,,
ELPI.JK,32,,,,,,,
ELSA.JK,18,,,,,,,
ELTY.JK,7,,,0.0463,,,,
EMDE.JK,7,,,,,,,
EMTK.JK,30,-0.883,0.768,,-0.8834321512473431,-0.793936681955476,0.03126369371120681,0.13174910046882582
ENAK.JK,11,,,,,,,
ENRG.JK,18,,,0.19399999999999998,,,-0.5471285451697468,
EPMT.JK,15,,,,,,,
ERAA.JK,14,0.11900000000000001,0.217,,0.11899170189447318,0.3621418506341006,0.14005070341908346,0.2708331156730102
ERAL.JK,14,,,,,,,
ESSA.JK,8,-0.882,,11831.4004,-0.8854365058267911,-0.8854365058267911,418.25770130944056,370.59472052899895
ETWA.JK,8,,,,,,,
EXCL.JK,6,0.033,0.276,0.2698,0.03295238095238089,0.3179999999999999,0.07988492482703825,0.15503420939555462
FAPA.JK,2,,,,,,,
FAST.JK,11,,,,,,,
FASW.JK,8,,,,,,,
FILM.JK,13,,,,,,,
FIRE.JK,18,,,,,,,
FISH.JK,2,,,,,,,
FMII.JK,7,,,,,,,
FPNI.JK,8,,,,,,,
FREN.JK,6,,,,,,0.2988080832560369,
FUJI.JK,20,,,,,,,
GDST.JK,8,,,,,,,
GEMA.JK,1,,,,,,,
GEMS.JK,18,,,,,,,
GGRM.JK,3,1.421,0.052000000000000005,-0.315,1.4207612456747405,1.5471764705882354,0.08282872172827312,0.10985733288466373
GGRP.JK,8,,,,,,,
GIAA.JK,33,,,,,,-0.8979298848898672,
GJTL.JK,10,,,0.1519,,,-0.11476036912628945,
GMFI.JK,28,,,,,,-0.8688167140700896,-0.8490716009301238
GMTD.JK,7,,,,,,,
GOOD.JK,2,,,,,,,
GOTO.JK,30,0.731,0.495,-0.5243,-0.7218714653392929,-0.8596087835538988,0.5243409494282708,0.9772376245763236
GPRA.JK,7,,,,,,,
GSMF.JK,21,,,,,,,
GTBO.JK,18,,,,,,,
GTSI.JK,18,,,,,,,
GWSA.JK,11,,,,,,,
GZCO.JK,2,,,0.0354,,,,
HDFA.JK,20,,,,,,,
HDTX.JK,9,,,,,,,
HEAL.JK,23,0.614,0.303,0.12789999999999999,0.6080426356589146,1.0959302325581395,0.16895595708523994,0.32400072626233983
HELI.JK,33,,,,,,,
HERO.JK,15,,,,,,,
HITS.JK,18,,,,,,,
HMSP.JK,3,0.317,0.106,0.1343,0.31666666666666654,0.4566666666666666,0.07255267653910882,0.15150147348757775
HOKI.JK,2,,,,,,0.5555644617670409,0.9768631701622812
HOMI.JK,7,,,,,,,
HRME.JK,11,,,,,,,
HRTA.JK,9,,,,,,,
HRUM.JK,18,-0.22399999999999998,-0.11800000000000001,-3465.24,-0.24150463781505838,-0.3307493984341708,902.7561623074996,814.2366013863859
HUMI.JK,18,,,,,,,
IATA.JK,18,,,,,,,
IBOS.JK,2,,,,,,,
IBST.JK,6,,,,,,,
ICBP.JK,2,1.021,0.057,0.1288,1.0206615776081425,1.13676844783715,0.08692438148400627,0.18353302308687264
IDPR.JK,27,,,,,,,
IFII.JK,8,,,,,,,
IFSH.JK,8,,,,,,,
IGAR.JK,8,,,,,,,
IIKP.JK,12,,,,,,,
IKAI.JK,5,,,,,,,
IMJS.JK,33,,,,,,,
IMPC.JK,5,,,,,,,
INAF.JK,24,,,,,,,
INAI.JK,8,,,,,,,
INCO.JK,8,0.552,-0.172,1378.36,0.4578875077283391,0.20653200126566135,1090.543759912047,1029.780792334195
INDF.JK,2,0.522,0.107,0.0535,0.5219889502762431,0.6842955801104973,0.04637476663415569,0.12351975460278578
INDR.JK,9,,,,,,,
INDS.JK,10,,,,,,,
INDY.JK,18,-0.444,-0.478,-0.16570000000000001,-0.4624547514448576,-0.7195403173122389,802.8379921946653,651.2154100093458
INKP.JK,8,,,,,,,
INPC.JK,19,,,,,,,
INPP.JK,7,,,,,,,
INPS.JK,18,,,,,,,
INTA.JK,5,,,,,,,
INTP.JK,8,0.1,0.114,0.1109,0.1004268661226956,0.22629570867331508,0.08033437451273184,0.12932913072646118
IPCC.JK,28,,,,,,,
IPCM.JK,28,,,,,,,
IPOL.JK,8,,,,,,,
IPTV.JK,13,,,,,,,
IRRA.JK,23,,,,,,,
ISAT.JK,6,-0.308,0.303,0.0862,-0.3082685007064912,-0.0985342435436918,0.08122978883678476,0.1511728434262266
ISSP.JK,8,,,,,,,
ITMA.JK,18,,,,,,,
ITMG.JK,18,-0.478,-0.37799999999999995,-5074.8901000000005,-0.4998479472468739,-0.6887098411167093,731.7931856979939,582.8197224557799
JARR.JK,2,,,,,,,
JAWA.JK,2,,,,,,,
JAYA.JK,32,,,,,,,
JECC.JK,5,,,,,,,
JGLE.JK,11,,,,,,,
JIHD.JK,11,,,,,,,
JKON.JK,27,,,,,,0.40420044274404127,0.5072199329613074
JPFA.JK,2,-0.21600000000000003,0.424,0.085,-0.21581967213114753,0.11696721311475418,0.04794394602557763,0.10675295936450327
JRPT.JK,7,,,,,,0.05800222751523374,0.13768440364608817
JSMR.JK,28,-0.221,0.361,-0.0453,-0.22057230427774993,0.06092953206330738,-0.05263564783108138,0.07641334730841486
JSPT.JK,11,,,,,,,
JTPE.JK,25,,,,,,,
KAEF.JK,24,,,,,,-0.24006979624135832,-0.057894747395108616
KARW.JK,28,,,,,,,
KBLI.JK,5,,,,,,,
KBLV.JK,6,,,,,,,
KEEN.JK,29,,,,,,,
KEJU.JK,2,,,,,,,
KIAS.JK,5,,,,,,,
KIJA.JK,7,,,0.1515,,,0.48147528766816694,
KINO.JK,16,,,0.1772,,,,
KIOS.JK,30,,,,,,,
KKGI.JK,18,,,,,,,
KLBF.JK,24,-0.013999999999999999,0.12,0.1525,-0.014440929720808654,0.10424975931783817,0.08040842416100694,0.17407147052941158
KMTR.JK,8,,,,,,,
KOIN.JK,5,,,,,,,
KONI.JK,25,,,,,,,
KOTA.JK,11,,,,,,,
KPIG.JK,11,,,,,,,
KRAS.JK,8,,,0.272,,,-0.320759334482922,-0.34008380352311063
KREN.JK,30,,,,,,,
LAND.JK,7,,,,,,,
LAPD.JK,29,,,,,,,
LIFE.JK,4,,,,,,,
LINK.JK,6,,,0.0508,,,0.18056704282369673,0.25378050284377096
LPCK.JK,7,,,,,,0.2544145743674856,0.3991547175637339
LPGI.JK,4,,,,,,,
LPKR.JK,7,1.504,0.031,0.12390000000000001,-1.5042105263157894,-1.519736842105263,0.0010844968470267926,0.1448753946242376
LPLI.JK,7,,,,,,,
LPPF.JK,14,-0.158,0.10099999999999999,0.0681,-0.15768041237113398,-0.0725601374570447,0.07985287353187649,0.15886649842445283
LPPS.JK,21,,,,,,,
LSIP.JK,2,-0.32899999999999996,0.127,-0.0087,-0.32927631578947364,-0.24427631578947365,-0.07749640812431238,-0.04042179568486405
LTLS.JK,8,,,,,,,
MAHA.JK,18,,,,,,,
MAIN.JK,2,-3.575,2.861,,-3.5749999999999997,3.7916666666666665,0.06470685900980402,0.16018818477548866
MAPA.JK,14,0.187,0.249,,0.18665048543689314,0.48228155339805817,0.29473413568079143,0.634487064901992
MAPB.JK,11,,,,,,,
MAPI.JK,14,0.033,0.11599999999999999,0.7212999999999999,0.03281249999999991,0.15218749999999992,0.21170093260878764,0.3754142019961882
MARK.JK,5,,,,,,,
MASA.JK,10,,,0.2569,,,,
MASB.JK,19,,,,,,,
MAYA.JK,19,,,,,,,
MBAP.JK,18,,,,,,,
MBMA.JK,8,,,,,,,
MBSS.JK,18,,,,,,-0.16713141845728113,-0.057543447201660235
MCAS.JK,30,-0.594,2.303,,-0.5857142857142856,0.36821428571428577,0.053197626951632694,0.12140780479584021
MCOL.JK,18,,,,,,,
MCOR.JK,19,,,,,,,
MDIA.JK,13,,,,,,,
MDKA.JK,8,0.39899999999999997,1.0,11289.5,0.6247103418802399,2.249678943233041,1792.2232221189233,2547.8114837567814
MDLN.JK,7,,,-0.0253,,,1.275084448570233,1.275084448570233
MDRN.JK,25,,,1.311,,,,
MEDC.JK,18,-0.364,0.083,-0.059000000000000004,-0.44747344308396286,-0.4014246842607709,955.9291661647536,919.9081966767893
MEGA.JK,19,,,,,,,
MERK.JK,24,,,,,,,
META.JK,28,,,,,,,
MFIN.JK,20,,,,,,,
MGRO.JK,2,,,,,,,
MICE.JK,1,,,,,,,
MIDI.JK,15,,,,,,,
MIKA.JK,23,0.004,0.18,0.0325,0.004468649629940056,0.18558860494344373,0.08176657762700394,0.22007463321401816
MINA.JK,11,,,,,,,
MIRA.JK,32,,,,,,,
MKNT.JK,14,,,,,,,
MKPI.JK,7,,,,,,,
MKTR.JK,2,,,,,,,
MLBI.JK,2,0.172,0.1,,0.172004555808656,0.289248291571754,0.1300497896084859,0.24562306354571742
MLIA.JK,5,,,,,,,
MLPL.JK,15,,,,,,,
MLPT.JK,30,,,,,,,
MMLP.JK,7,,,,,,,
MNCN.JK,13,,,0.08839999999999999,,,,
MOLI.JK,8,,,,,,,
MORA.JK,6,,,,,,,
MPMX.JK,14,,,0.1371,,,-0.02141231469810452,0.06020205520678492
MPPA.JK,15,,,0.3582,,,0.23946772751077522,
MPRO.JK,7,,,,,,,
MRAT.JK,16,,,,,,,
MREI.JK,4,,,,,,,
MSIN.JK,13,,,,,,,
MSKY.JK,13,,,,,,,
MTDL.JK,31,,,,,,0.1444473079449943,0.3164479233355617
MTEL.JK,6,0.233,0.11900000000000001,,0.23333333333333325,0.3804761904761904,0.11787791957248525,0.2084467325008116
MTLA.JK,7,,,,,,,
MTMH.JK,23,,,,,,,
MTPS.JK,27,,,,,,,
MYOH.JK,18,,,,,,,
MYOR.JK,2,0.293,0.217,0.3864,0.2933333333333333,0.5737931034482757,0.09066344602667786,0.19826253038805403
MYTX.JK,9,,,,,,,
NASA.JK,7,,,,,,,
NATO.JK,11,,,,,,,
NETV.JK,13,,,,,,,
NFCX.JK,30,,,,,,,
NICL.JK,8,,,,,,,
NIKL.JK,8,,,,,,-0.6738218704861635,-0.6106090546889084
NIRO.JK,7,,,,,,,
NISP.JK,19,,,,,,,
NOBU.JK,19,,,,,,,
NRCA.JK,27,,,,,,,
NSSS.JK,2,,,,,,,
OMED.JK,23,,,,,,,
OMRE.JK,7,,,,,,,
PADI.JK,22,,,,,,,
PALM.JK,2,,,,,,,
PANI.JK,2,,,,,,,
PANS.JK,22,,,,,,,
PBID.JK,8,,,,,,,
PBRX.JK,9,,,,,,-0.9549010238496082,-0.9482578136697787
PBSA.JK,27,,,,,,,
PCAR.JK,15,,,,,,,
PEHA.JK,24,,,,,,,
PGAS.JK,18,0.054000000000000006,0.077,0.1557,0.015506045279129067,0.09357987044559803,1008.2006999760565,1036.2441041525155
PGEO.JK,29,,,,,,,
PGLI.JK,11,,,,,,,
PGUN.JK,2,,,,,,,
PICO.JK,8,,,,,,,
PIPA.JK,5,,,,,,,
PJAA.JK,11,,,,,,,
PLIN.JK,7,,,,,,,
PMJS.JK,14,,,,,,,
PNBN.JK,19,,,0.1371,,,-0.37037667682850806,-0.34989388130807764
PNBS.JK,19,,,,,,,
PNIN.JK,4,,,,,,,
PNLF.JK,4,,,,,,0.6868884568948435,0.793700171414386
POLA.JK,20,,,,,,,
POLI.JK,7,,,,,,,
POLL.JK,7,,,,,,,
POLU.JK,9,,,,,,,
PORT.JK,28,,,,,,,
POSA.JK,7,,,,,,,
POWR.JK,29,,,0.15869999999999998,,0.3245623057373042,1003.041053255481,1001.8681080998086
PPRE.JK,27,,,,,,,
PPRO.JK,7,,,,,,0.36682734187855487,
PRAY.JK,23,,,,,,,
PRDA.JK,23,,,0.41409999999999997,,,,
PRIM.JK,23,,,,,,,
PSAB.JK,8,,,,,,,
PSGO.JK,2,,,,,,,
PSSI.JK,18,,,,,,,
PTBA.JK,18,-0.494,-0.138,0.07769999999999999,-0.49364716636197437,-0.5634460694698356,-0.08531559894477168,-0.12025227563209007
PTIS.JK,18,,,,,,,
PTMP.JK,5,,,,,,,
PTPP.JK,27,1.3769999999999998,-0.485,0.0949,1.3772727272727272,0.22499999999999998,0.2292674388291068,0.23349535779326538
PTRO.JK,18,,,,,,,
PTSN.JK,31,,,,,,,
PTSP.JK,11,,,,,,,
PWON.JK,7,0.264,0.08,0.1444,0.2644757433489828,0.3658841940532082,0.015460264445524063,0.07224587133885929
PYFA.JK,24,,,,,,,
PZZA.JK,11,1.179,4.928999999999999,,-1.1794871794871795,-2.0641025641025643,0.0325776762984169,0.0741022477313291
RAAM.JK,13,,,,,,,
RAJA.JK,18,,,,,,-0.8938920148296657,-0.888285925315383
RALS.JK,14,-0.126,0.19699999999999998,0.1819,-0.1260459319921666,0.045931992166636966,-0.05893754048320554,0.044512588045236404
RDTX.JK,7,,,,,,,
RICY.JK,9,,,,,,,
RISE.JK,7,,,,,,,
RMBA.JK,3,,,,,,,
RMKE.JK,18,,,,,,,
RODA.JK,7,,,,,,,
ROTI.JK,2,-0.204,0.266,,-0.2035209389170446,0.008268871699119636,0.04188318336829873,0.15877739418522993
RSGK.JK,23,,,,,,,
RUIS.JK,18,,,,,,,
SAFE.JK,33,,,,,,,
SAGE.JK,7,,,,,,,
SAME.JK,23,,,,,,-0.31541360635057125,-0.18194078746294678
SAMF.JK,8,,,,,,,
SCCO.JK,5,,,,,,,
SCMA.JK,13,-0.07,0.18,0.1003,-0.07020164301717709,0.09708737864077661,-0.05924036455919778,0.005252844427802075
SDMU.JK,32,,,,,,,
SDPC.JK,15,,,,,,,
SDRA.JK,19,,,,,,,
SFAN.JK,21,,,,,,,
SGER.JK,18,,,,,,,
SGRO.JK,2,,,0.0359,,,,
SHID.JK,11,,,,,,,
SHIP.JK,18,,,,,,,
SIDO.JK,24,-0.069,0.076,0.0969,-0.068984247691472,0.0019011406844106542,-0.037646393515185395,0.014093047693675604
SILO.JK,23,0.04,0.145,0.4839,0.03731976251060221,0.18772971444727174,0.14099456903395374,0.2565649213302105
SIMP.JK,2,-0.792,0.1,0.154,-0.7922077922077922,-0.7714285714285715,-0.2306501775911157,-0.1469152443997908
SIPD.JK,2,,,,,,,
SKBM.JK,2,,,,,,,
SKLT.JK,2,,,,,,,
SKRN.JK,5,,,,,,,
SLIS.JK,14,,,,,,,
SMAR.JK,2,,,,,,,
SMBR.JK,8,,,,,,-0.08065149792087263,-0.000939200052740207
SMCB.JK,8,,,0.1393,,,-0.21954309753150533,-0.1600098123902304
SMDM.JK,7,,,,,,,
SMDR.JK,32,,,,,,,
SMGR.JK,8,0.028999999999999998,0.204,0.2462,0.028765743073047897,0.23813602015113355,0.0712342754724708,0.11549106745375584
SMMA.JK,21,,,,,,,
SMMT.JK,18,,,,,,,
SMRA.JK,7,0.187,0.10800000000000001,0.34299999999999997,0.18743400211193226,0.31546990496304106,0.09452112398047825,0.2064210471989297
SMRU.JK,18,,,,,,,
SMSM.JK,10,,,0.10830000000000001,,,,
SOCI.JK,18,,,,,,,
SOHO.JK,24,,,,,,,
SONA.JK,14,,,,,,,
SPMA.JK,8,,,,,,,
SPTO.JK,5,,,,,,-0.01821681865853919,
SQMI.JK,8,,,,,,,
SRAJ.JK,23,,,,,,,
SRIL.JK,9,,,,,,0.8351618006127801,0.9951692010686228
SRSN.JK,8,,,,,,,
SRTG.JK,21,-0.363,-0.23199999999999998,,-0.37040935672514624,-0.516608187134503,-0.4620325954608172,-0.5219820423009608
SSIA.JK,27,-0.179,0.58,-0.5153,-0.1793014230271669,0.2967658473479948,0.20887166109817756,0.31399093597628
SSMS.JK,2,-0.616,-0.257,,-0.616381544841887,-0.7148781752203214,-0.27009495428801017,-0.29901572025018336
STAA.JK,2,,,,,,,
STAR.JK,21,,,,,,,
STTP.JK,2,,,,,,,
SULI.JK,8,,,,,,,
SUPR.JK,6,,,0.05,,,0.011514852056685081,0.271013426668086
SURE.JK,18,,,,,,,
TAMU.JK,18,,,,,,,
TAPG.JK,2,,,,,,,
TARA.JK,7,,,,,,,
TAXI.JK,33,,,,,,235.73021979960006,
TBIG.JK,6,-0.064,0.10099999999999999,0.0654,-0.06372549019607833,0.030909586056644827,0.020788370492226912,0.06523711335149805
TBLA.JK,2,-0.19899999999999998,0.09300000000000001,,-0.1987089652267135,-0.12392180198120682,-0.0361858532831201,0.03136557627400802
TCID.JK,16,,,,,,,
TCPI.JK,18,,,,,,,
TDPM.JK,8,,,,,,,
TEBE.JK,18,,,,,,,
TECH.JK,30,,,,,,,
TELE.JK,14,,,0.1883,,,10.236583890739388,11.29813776730667
TFAS.JK,30,,,,,,,
TFCO.JK,9,,,,,,,
TGKA.JK,2,,,,,,,
TGRA.JK,29,,,,,,,
TIFA.JK,20,,,,,,,
TINS.JK,8,-1.072,1.446,-0.051,-1.072142857142857,-0.9678571428571429,-0.3226328517308889,-0.29384274861673554
TIRT.JK,8,,,,,,,
TKIM.JK,8,,,,,,,
TLDN.JK,2,,,,,,,
TLKM.JK,6,0.251,0.08,0.0824,0.25079956083822597,0.3511862141390997,0.03220506971881661,0.08026828506646029
TMAS.JK,32,,,,,,,
TOBA.JK,18,,,,,,,
TOPS.JK,27,,,,,,5.654093192606913,
TOTL.JK,27,,,0.0462,,,,
TOTO.JK,5,,,,,,-0.07960405243152605,
TOWR.JK,6,-0.01,0.083,0.0655,-0.010289855072463678,0.07231884057971007,0.05295111751460041,0.11185113699691454
TPIA.JK,8,,1.0,0.026099999999999998,-1.4836216075454762,-1.9672432150909525,1000.8070692994162,1059.0201827857336
TPMA.JK,18,,,,,,,
TRGU.JK,2,,,,,,,
TRIM.JK,22,,,,,,,
TRIN.JK,7,,,,,,,
TRIO.JK,14,,,,,,,
TRST.JK,8,,,,,,,
TSPC.JK,24,,,0.18,,,-0.09338459519315057,0.006987767355222501
TUGU.JK,4,,,,,,,
UCID.JK,16,,,,,,,
ULTJ.JK,2,0.298,0.239,,0.29836956521739133,0.6086956521739131,0.14546908853052382,0.286530276171683
UNIC.JK,8,,,,,,,
UNSP.JK,2,,,-0.0892,,,,
UNTR.JK,5,-0.039,-0.107,0.2,-0.038793801725655996,-0.14209015671773204,0.010861318564429687,-0.06364874741378877
UNVR.JK,16,0.036000000000000004,0.06,0.04,0.035531914893616956,0.09744680851063836,0.0014827913450634431,0.044181670045821964
URBN.JK,7,,,,,,,
VICI.JK,16,,,,,,,
VICO.JK,21,,,,,,,
VIVA.JK,13,,,0.43,,,1.119368070471475,
VKTR.JK,10,,,,,,,
VTNY.JK,20,,,,,,,
WEGE.JK,27,,,,,,,
WEHA.JK,33,,,,,,,
WIIM.JK,3,,,,,,,
WIKA.JK,27,-15.205,0.544,0.1524,15.204819277108433,6.394578313253012,0.11448405401299129,0.25693690302217065
WINE.JK,2,,,,,,,
WINS.JK,18,,,0.2883,,,0.010471524781711903,0.06901322945618894
WIRG.JK,30,,,,,,,
WMPP.JK,2,,,,,,,
WMUU.JK,2,,,,,,,
WOMF.JK,20,,,,,,,
WOOD.JK,1,,,,,,0.6656727370491261,0.932975656389901
WSBP.JK,8,,,,,,1.4246291227160668,
WSKT.JK,27,,,-0.1325,,,-0.00018769930268442645,0.2174185073196725
WTON.JK,8,,,0.1636,,,0.18258672057703124,0.2808580114418831
YPAS.JK,8,,,,,,,
YULE.JK,22,,,,,,,
ZBRA.JK,26,,,,,,,
ZINC.JK,8,,,,,,,
